<?xml version="1.0" encoding="UTF-8"?>
<project-private xmlns="http://www.netbeans.org/ns/project-private/1">
    <editor-bookmarks xmlns="http://www.netbeans.org/ns/editor-bookmarks/2" lastBookmarkId="0"/>
    <open-files xmlns="http://www.netbeans.org/ns/projectui-open-files/2">
        <group>
            <file>file:/D:/GitHub/SRCIM/SRCIM_Trab2/LineSimulation/src/Transport/NewProductResponder.java</file>
            <file>file:/D:/GitHub/SRCIM/SRCIM_Trab2/LineSimulation/src/Transport/ReceiveTransportRequest.java</file>
            <file>file:/D:/GitHub/SRCIM/SRCIM_Trab2/LineSimulation/src/Transport/TransportAgent.java</file>
            <file>file:/D:/GitHub/SRCIM/SRCIM_Trab2/LineSimulation/src/Transport/UpdateState.java</file>
        </group>
    </open-files>
</project-private>
