<?xml version="1.0" encoding="UTF-8"?>
<project-private xmlns="http://www.netbeans.org/ns/project-private/1">
    <editor-bookmarks xmlns="http://www.netbeans.org/ns/editor-bookmarks/2" lastBookmarkId="0"/>
    <open-files xmlns="http://www.netbeans.org/ns/projectui-open-files/2">
        <group>
            <file>file:/D:/GitHub/SRCIM/SRCIM_Trab2/TestSimulation/src/CoalitionLeaderAgent/CoalitionLeaderAgent.java</file>
            <file>file:/D:/GitHub/SRCIM/SRCIM_Trab2/TestSimulation/src/ResourceAgent/ResourceAgent.java</file>
            <file>file:/D:/GitHub/SRCIM/SRCIM_Trab2/TestSimulation/src/UtilitiesTS/Constants.java</file>
            <file>file:/D:/GitHub/SRCIM/SRCIM_Trab2/TestSimulation/src/UtilitiesTS/DFInteraction.java</file>
        </group>
    </open-files>
</project-private>
